time,open,high,low,close,vol
2021-03-31 07:15:00,58919.5,58931.5,58919.5,58931.5,284984.0
2021-03-31 07:16:00,58931.5,58931.0,58910.0,58910.5,843239.0
2021-03-31 07:17:00,58910.5,58910.0,58880.0,58880.5,1105723.0
2021-03-31 07:18:00,58880.5,58880.5,58879.5,58880.0,188644.0
2021-03-31 07:19:00,58880.0,58880.0,58879.5,58880.0,17949.0
2021-03-31 07:20:00,58880.0,58940.0,58879.5,58939.0,4096741.0
2021-03-31 07:21:00,58939.0,58948.0,58938.5,58948.0,775129.0
2021-03-31 07:22:00,58948.0,58948.0,58910.0,58910.0,889025.0
2021-03-31 07:23:00,58910.0,58910.5,58910.0,58910.0,21111.0
2021-03-31 07:24:00,58910.0,58910.5,58900.0,58900.0,745415.0
2021-03-31 07:25:00,58900.0,58900.5,58900.0,58900.0,369027.0
2021-03-31 07:26:00,58900.0,58900.5,58875.0,58875.5,420579.0
2021-03-31 07:27:00,58875.5,58875.5,58860.0,58860.5,299504.0
2021-03-31 07:28:00,58860.5,58860.5,58860.5,58860.5,400.0
2021-03-31 07:29:00,58860.5,58860.5,58860.0,58860.0,12449.0
2021-03-31 07:30:00,58860.0,58893.0,58860.0,58875.5,1591931.0
2021-03-31 07:31:00,58875.5,58876.0,58875.0,58875.0,584091.0
2021-03-31 07:32:00,58875.0,58875.5,58875.0,58875.0,263424.0
2021-03-31 07:33:00,58875.0,58875.0,58862.5,58863.0,235169.0
2021-03-31 07:34:00,58863.0,58863.0,58841.0,58841.5,163402.0
2021-03-31 07:35:00,58841.5,58841.0,58820.0,58820.0,603746.0
2021-03-31 07:36:00,58820.0,58820.5,58777.5,58777.5,495848.0
2021-03-31 07:37:00,58777.5,58778.0,58777.5,58777.5,114551.0
2021-03-31 07:38:00,58777.5,58778.0,58777.5,58778.0,39273.0
2021-03-31 07:39:00,58778.0,58841.0,58777.5,58840.5,1373416.0
2021-03-31 07:40:00,58840.5,58841.0,58820.5,58820.5,1079638.0
2021-03-31 07:41:00,58820.5,58821.0,58806.0,58806.5,644327.0
2021-03-31 07:42:00,58806.5,58806.5,58806.0,58806.0,2527.0
2021-03-31 07:43:00,58806.0,58806.0,58773.5,58774.0,732702.0
2021-03-31 07:44:00,58774.0,58801.0,58774.0,58801.0,182016.0
2021-03-31 07:45:00,58801.0,58834.0,58801.0,58833.5,697826.0
2021-03-31 07:46:00,58833.5,58834.0,58806.0,58806.0,288809.0
2021-03-31 07:47:00,58806.0,58806.5,58773.5,58774.0,621954.0
2021-03-31 07:48:00,58774.0,58774.0,58752.0,58752.5,1044872.0
2021-03-31 07:49:00,58752.5,58752.5,58737.0,58737.5,451064.0
2021-03-31 07:50:00,58737.5,58737.5,58737.0,58737.0,1774.0
2021-03-31 07:51:00,58737.0,58737.5,58737.0,58737.0,106429.0
2021-03-31 07:52:00,58737.0,58737.5,58737.0,58737.0,474673.0
2021-03-31 07:53:00,58737.0,58737.0,58724.0,58724.0,773894.0
2021-03-31 07:54:00,58724.0,58755.0,58724.0,58754.5,733144.0
2021-03-31 07:55:00,58754.5,58772.0,58755.0,58772.0,720720.0
2021-03-31 07:56:00,58772.0,58772.0,58771.5,58772.0,66682.0
2021-03-31 07:57:00,58772.0,58772.0,58771.5,58771.5,57842.0
2021-03-31 07:58:00,58771.5,58772.0,58771.5,58771.5,596910.0
2021-03-31 07:59:00,58771.5,58772.0,58771.5,58772.0,170976.0
2021-03-31 08:00:00,58772.0,58772.0,58725.0,58725.5,1899913.0
2021-03-31 08:01:00,58725.5,58725.0,58702.5,58703.0,1080560.0
2021-03-31 08:02:00,58703.0,58703.0,58702.5,58702.5,37427.0
2021-03-31 08:03:00,58702.5,58702.5,58667.0,58673.0,2845852.0
2021-03-31 08:04:00,58673.0,58699.0,58625.0,58699.0,5035338.0
2021-03-31 08:05:00,58699.0,58699.0,58685.5,58685.5,682941.0
2021-03-31 08:06:00,58685.5,58686.0,58668.0,58668.0,487098.0
2021-03-31 08:07:00,58668.0,58668.5,58668.0,58668.5,10919.0
2021-03-31 08:08:00,58668.5,58697.0,58668.0,58697.0,2168656.0
2021-03-31 08:09:00,58697.0,58720.0,58697.0,58719.5,481964.0
2021-03-31 08:10:00,58719.5,58772.0,58720.5,58771.5,777686.0
2021-03-31 08:11:00,58771.5,58772.0,58771.5,58771.5,242521.0
2021-03-31 08:12:00,58771.5,58788.5,58771.5,58788.0,2816486.0
2021-03-31 08:13:00,58788.0,58788.5,58788.0,58788.5,230950.0
2021-03-31 08:14:00,58788.5,58798.0,58788.0,58798.0,3290266.0
2021-03-31 08:15:00,58798.0,58798.0,58771.5,58771.5,970376.0
2021-03-31 08:16:00,58771.5,58772.0,58737.0,58737.0,954614.0
2021-03-31 08:17:00,58737.0,58737.5,58737.0,58737.5,304266.0
2021-03-31 08:18:00,58737.5,58737.5,58707.0,58707.5,411758.0
2021-03-31 08:19:00,58707.5,58707.0,58702.5,58702.5,468773.0
2021-03-31 08:20:00,58702.5,58737.5,58702.5,58737.5,1440307.0
2021-03-31 08:21:00,58737.5,58737.5,58737.0,58737.0,410934.0
2021-03-31 08:22:00,58737.0,58737.0,58690.5,58691.0,1133718.0
2021-03-31 08:23:00,58691.0,58691.0,58673.0,58679.5,623843.0
2021-03-31 08:24:00,58679.5,58703.0,58680.0,58702.5,537562.0
2021-03-31 08:25:00,58702.5,58753.5,58702.5,58753.5,1029121.0
2021-03-31 08:26:00,58753.5,58772.0,58753.0,58772.0,498681.0
2021-03-31 08:27:00,58772.0,58793.5,58771.5,58793.0,703119.0
2021-03-31 08:28:00,58793.0,58806.5,58794.5,58806.5,518814.0
2021-03-31 08:29:00,58806.5,58820.0,58806.0,58820.0,1230671.0
2021-03-31 08:30:00,58820.0,58841.0,58820.0,58840.5,1137023.0
2021-03-31 08:31:00,58840.5,58841.0,58840.5,58840.5,117038.0
2021-03-31 08:32:00,58840.5,58840.5,58840.5,58840.5,115361.0
2021-03-31 08:33:00,58840.5,58840.5,58806.0,58806.0,1034171.0
2021-03-31 08:34:00,58806.0,58806.5,58806.0,58806.5,838622.0
2021-03-31 08:35:00,58806.5,58806.5,58760.0,58760.0,2078714.0
2021-03-31 08:36:00,58760.0,58760.5,58737.0,58737.0,393315.0
2021-03-31 08:37:00,58737.0,58737.0,58702.5,58702.5,218805.0
2021-03-31 08:38:00,58702.5,58703.0,58660.0,58660.5,1149301.0
2021-03-31 08:39:00,58660.5,58699.0,58660.0,58668.5,2554156.0
2021-03-31 08:40:00,58668.5,58668.5,58668.0,58668.5,524913.0
2021-03-31 08:41:00,58668.5,58669.0,58668.0,58669.0,414737.0
2021-03-31 08:42:00,58669.0,58669.0,58668.5,58669.0,598818.0
2021-03-31 08:43:00,58669.0,58698.0,58669.0,58698.0,265561.0
2021-03-31 08:44:00,58698.0,58699.5,58673.5,58673.5,1732643.0
2021-03-31 08:45:00,58673.5,58702.5,58673.5,58702.5,481473.0
2021-03-31 08:46:00,58702.5,58735.5,58703.0,58735.5,501942.0
2021-03-31 08:47:00,58735.5,58750.0,58735.0,58749.5,1133009.0
2021-03-31 08:48:00,58749.5,58750.0,58749.5,58749.5,696207.0
2021-03-31 08:49:00,58749.5,58750.0,58737.5,58737.5,525093.0
2021-03-31 08:50:00,58737.5,58755.5,58737.0,58755.0,866670.0
2021-03-31 08:51:00,58755.0,58760.0,58755.0,58760.0,266699.0
2021-03-31 08:52:00,58760.0,58795.5,58760.0,58771.5,1123945.0
2021-03-31 08:53:00,58771.5,58772.0,58771.5,58772.0,706126.0
2021-03-31 08:54:00,58772.0,58806.5,58771.5,58792.0,2758152.0
2021-03-31 08:55:00,58792.0,58792.5,58771.5,58772.0,1072928.0
2021-03-31 08:56:00,58772.0,58771.5,58737.0,58737.0,1480123.0
2021-03-31 08:57:00,58737.0,58737.5,58737.0,58737.5,718293.0
2021-03-31 08:58:00,58737.5,58772.0,58737.5,58772.0,1369962.0
2021-03-31 08:59:00,58772.0,58831.5,58772.0,58812.0,2578398.0
2021-03-31 09:00:00,58812.0,58837.0,58811.5,58836.5,4052091.0
2021-03-31 09:01:00,58836.5,58840.5,58802.5,58803.0,2173119.0
2021-03-31 09:02:00,58803.0,58809.0,58795.5,58808.5,2977506.0
2021-03-31 09:03:00,58808.5,58809.0,58808.5,58808.5,256969.0
2021-03-31 09:04:00,58808.5,58813.5,58808.5,58813.0,998715.0
2021-03-31 09:05:00,58813.0,58813.5,58813.0,58813.0,131723.0
2021-03-31 09:06:00,58813.0,58813.5,58813.0,58813.0,295342.0
2021-03-31 09:07:00,58813.0,58813.5,58813.0,58813.0,138004.0
2021-03-31 09:08:00,58813.0,58841.5,58813.0,58841.0,1760445.0
2021-03-31 09:09:00,58841.0,58841.5,58841.0,58841.0,242836.0
2021-03-31 09:10:00,58841.0,58847.5,58841.0,58847.5,395341.0
2021-03-31 09:11:00,58847.5,58863.0,58847.0,58862.5,1337533.0
2021-03-31 09:12:00,58862.5,58907.0,58862.5,58907.0,2428534.0
2021-03-31 09:13:00,58907.0,58910.5,58909.5,58910.0,689470.0
2021-03-31 09:14:00,58910.0,58910.5,58910.0,58910.0,298049.0
2021-03-31 09:15:00,58910.0,58940.0,58910.5,58940.0,925019.0
2021-03-31 09:16:00,58940.0,58940.0,58918.5,58928.5,862565.0
2021-03-31 09:17:00,58928.5,58950.0,58938.5,58949.5,401216.0
2021-03-31 09:18:00,58949.5,58950.0,58949.5,58949.5,310002.0
2021-03-31 09:19:00,58949.5,58950.0,58949.5,58950.0,70647.0
2021-03-31 09:20:00,58950.0,58950.0,58949.5,58950.0,174041.0
2021-03-31 09:21:00,58950.0,58950.0,58949.5,58949.5,269140.0
2021-03-31 09:22:00,58949.5,58950.0,58949.5,58949.5,126919.0
2021-03-31 09:23:00,58949.5,58950.0,58949.5,58949.5,114269.0
2021-03-31 09:24:00,58949.5,59014.5,58898.5,58899.0,4983691.0
2021-03-31 09:25:00,58899.0,58899.0,58806.0,58806.0,1921372.0
2021-03-31 09:26:00,58806.0,58806.0,58737.0,58740.0,2985945.0
2021-03-31 09:27:00,58740.0,58740.0,58717.0,58737.5,1972840.0
2021-03-31 09:28:00,58737.5,58772.0,58737.0,58772.0,743984.0
2021-03-31 09:29:00,58772.0,58794.0,58772.0,58793.5,334598.0
2021-03-31 09:30:00,58793.5,58806.5,58793.5,58806.5,124158.0
2021-03-31 09:31:00,58806.5,58841.0,58806.0,58841.0,430189.0
2021-03-31 09:32:00,58841.0,58841.0,58840.5,58841.0,452373.0
2021-03-31 09:33:00,58841.0,58850.0,58840.5,58849.5,124323.0
2021-03-31 09:34:00,58849.5,58967.5,58849.5,58967.5,2563953.0
2021-03-31 09:35:00,58967.5,58980.0,58967.0,58980.0,625102.0
2021-03-31 09:36:00,58980.0,59046.0,58980.0,59046.0,3098688.0
2021-03-31 09:37:00,59046.0,59050.0,59046.0,59050.0,1078076.0
2021-03-31 09:38:00,59050.0,59049.5,58979.5,58989.5,4502040.0
2021-03-31 09:39:00,58989.5,58989.5,58965.0,58965.0,955128.0
2021-03-31 09:40:00,58965.0,58965.0,58875.5,58876.0,1567098.0
2021-03-31 09:41:00,58876.0,58876.0,58875.5,58876.0,7427.0
2021-03-31 09:42:00,58876.0,58876.0,58843.0,58875.5,2979150.0
2021-03-31 09:43:00,58875.5,58975.5,58875.5,58975.5,1560248.0
2021-03-31 09:44:00,58975.5,58980.0,58948.5,58949.0,810177.0
2021-03-31 09:45:00,58949.0,58993.0,58925.5,58992.5,1256497.0
2021-03-31 09:46:00,58992.5,59000.0,58993.0,58997.0,302098.0
2021-03-31 09:47:00,58997.0,58997.0,58991.5,58996.5,667887.0
2021-03-31 09:48:00,58996.5,59014.5,58996.5,59014.5,427053.0
2021-03-31 09:49:00,59014.5,59049.5,59014.0,59049.5,651306.0
2021-03-31 09:50:00,59049.5,59049.5,59016.5,59016.5,1401582.0
2021-03-31 09:51:00,59016.5,59017.0,58980.5,58980.5,1106392.0
2021-03-31 09:52:00,58980.5,59014.5,58980.5,59014.0,317785.0
2021-03-31 09:53:00,59014.0,59043.0,59014.5,59042.5,551441.0
2021-03-31 09:54:00,59042.5,59042.5,59014.0,59014.0,522804.0
2021-03-31 09:55:00,59014.0,59014.5,59014.0,59014.0,316605.0
2021-03-31 09:56:00,59014.0,59014.5,58993.0,58993.0,326733.0
2021-03-31 09:57:00,58993.0,58993.5,58960.0,58979.0,1949319.0
2021-03-31 09:58:00,58979.0,59018.0,58978.5,59018.0,1472973.0
2021-03-31 09:59:00,59018.0,59060.0,59024.5,59060.0,782636.0
2021-03-31 10:00:00,59060.0,59060.0,59020.5,59044.0,1638334.0
2021-03-31 10:01:00,59044.0,59044.0,59024.5,59024.5,389676.0
2021-03-31 10:02:00,59024.5,59024.5,59002.0,59002.5,887635.0
2021-03-31 10:03:00,59002.5,59002.5,58986.0,58986.0,189840.0
2021-03-31 10:04:00,58986.0,58986.5,58962.5,58963.0,877069.0
2021-03-31 10:05:00,58963.0,58991.0,58962.5,58991.0,1655974.0
2021-03-31 10:06:00,58991.0,58991.0,58990.5,58990.5,265977.0
2021-03-31 10:07:00,58990.5,58991.0,58990.5,58991.0,23666.0
2021-03-31 10:08:00,58991.0,58991.0,58990.5,58990.5,201458.0
2021-03-31 10:09:00,58990.5,58991.0,58989.5,58989.5,220056.0
2021-03-31 10:10:00,58989.5,59014.5,58989.5,58989.5,3545378.0
2021-03-31 10:11:00,58989.5,58990.0,58989.5,58989.5,18426.0
2021-03-31 10:12:00,58989.5,59013.0,58989.5,59012.5,240416.0
2021-03-31 10:13:00,59012.5,59013.0,59012.5,59012.5,626626.0
2021-03-31 10:14:00,59012.5,59013.0,59012.5,59012.5,2302716.0
2021-03-31 10:15:00,59012.5,59012.5,58982.5,58983.5,1074478.0
2021-03-31 10:16:00,58983.5,58983.5,58983.0,58983.5,31038.0
2021-03-31 10:17:00,58983.5,58983.5,58944.5,58945.0,926819.0
2021-03-31 10:18:00,58945.0,58945.0,58944.5,58945.0,158855.0
2021-03-31 10:19:00,58945.0,58945.0,58944.5,58944.5,14139.0
2021-03-31 10:20:00,58944.5,58945.0,58926.5,58927.0,574942.0
2021-03-31 10:21:00,58927.0,58927.0,58898.5,58898.5,1028639.0
2021-03-31 10:22:00,58898.5,58927.0,58899.0,58926.5,1260284.0
2021-03-31 10:23:00,58926.5,58927.0,58926.5,58926.5,145425.0
2021-03-31 10:24:00,58926.5,58938.0,58926.5,58937.5,307322.0
2021-03-31 10:25:00,58937.5,58950.0,58938.0,58949.5,513918.0
2021-03-31 10:26:00,58949.5,59014.5,58949.5,59014.0,966032.0
2021-03-31 10:27:00,59014.0,59039.5,59014.0,59039.0,190438.0
2021-03-31 10:28:00,59039.0,59039.5,59039.0,59039.0,8618.0
2021-03-31 10:29:00,59039.0,59039.5,59014.5,59014.5,658117.0
2021-03-31 10:30:00,59014.5,59049.5,59015.0,59049.5,1732242.0
2021-03-31 10:31:00,59049.5,59049.5,59049.0,59049.5,14041.0
2021-03-31 10:32:00,59049.5,59049.5,59049.0,59049.0,300022.0
2021-03-31 10:33:00,59049.0,59049.0,59006.0,59006.0,1363161.0
2021-03-31 10:34:00,59006.0,59006.5,59006.0,59006.5,100459.0
2021-03-31 10:35:00,59006.5,59006.0,58979.5,58979.5,666936.0
2021-03-31 10:36:00,58979.5,58990.5,58979.5,58983.5,2219019.0
2021-03-31 10:37:00,58983.5,58984.0,58958.0,58958.0,920830.0
2021-03-31 10:38:00,58958.0,58958.0,58957.0,58957.0,85577.0
2021-03-31 10:39:00,58957.0,58962.5,58948.0,58948.5,1101138.0
2021-03-31 10:40:00,58948.5,58948.0,58943.0,58943.0,458448.0
2021-03-31 10:41:00,58943.0,58941.0,58910.0,58910.0,1243683.0
2021-03-31 10:42:00,58910.0,58910.5,58910.0,58910.5,807411.0
2021-03-31 10:43:00,58910.5,58988.0,58910.5,58988.0,2718221.0
2021-03-31 10:44:00,58988.0,58988.0,58987.5,58988.0,25714.0
2021-03-31 10:45:00,58988.0,58987.5,58929.0,58929.0,2322854.0
2021-03-31 10:46:00,58929.0,58929.5,58929.0,58929.5,115369.0
2021-03-31 10:47:00,58929.5,58933.0,58929.0,58933.0,582486.0
2021-03-31 10:48:00,58933.0,58962.5,58933.0,58962.5,1023672.0
2021-03-31 10:49:00,58962.5,59000.0,58962.0,59000.0,1295175.0
2021-03-31 10:50:00,59000.0,59045.0,58999.5,59028.5,2203839.0
2021-03-31 10:51:00,59028.5,59034.5,59026.0,59034.5,206552.0
2021-03-31 10:52:00,59034.5,59097.0,58990.0,58990.0,4730917.0
2021-03-31 10:53:00,58990.0,58992.0,58937.5,58945.0,3126120.0
2021-03-31 10:54:00,58945.0,58970.5,58945.0,58970.5,1153675.0
2021-03-31 10:55:00,58970.5,58979.0,58971.0,58978.5,186042.0
2021-03-31 10:56:00,58978.5,58979.0,58978.5,58978.5,49290.0
2021-03-31 10:57:00,58978.5,58979.0,58978.5,58978.5,57522.0
2021-03-31 10:58:00,58978.5,58978.5,58952.0,58952.0,495119.0
2021-03-31 10:59:00,58952.0,58952.0,58944.5,58944.5,679527.0
2021-03-31 11:00:00,58944.5,58945.0,58919.0,58919.0,1839042.0
2021-03-31 11:01:00,58919.0,58934.0,58919.0,58933.5,259115.0
2021-03-31 11:02:00,58933.5,58934.0,58904.0,58904.5,1145562.0
2021-03-31 11:03:00,58904.5,58904.5,58888.0,58888.0,1160484.0
2021-03-31 11:04:00,58888.0,58888.5,58840.5,58873.5,2340755.0
2021-03-31 11:05:00,58873.5,58874.0,58845.0,58845.0,1519183.0
2021-03-31 11:06:00,58845.0,58845.5,58845.0,58845.0,82940.0
2021-03-31 11:07:00,58845.0,58845.5,58840.5,58841.0,632257.0
2021-03-31 11:08:00,58841.0,58841.0,58840.5,58841.0,305809.0
2021-03-31 11:09:00,58841.0,58841.0,58807.0,58807.5,1289515.0
2021-03-31 11:10:00,58807.5,58807.5,58779.5,58789.0,1571725.0
2021-03-31 11:11:00,58789.0,58790.0,58789.0,58789.5,47390.0
2021-03-31 11:12:00,58789.5,58790.0,58773.5,58774.0,960581.0
2021-03-31 11:13:00,58774.0,58773.5,58760.0,58764.5,1426600.0
2021-03-31 11:14:00,58764.5,58807.5,58764.5,58806.0,2101430.0
2021-03-31 11:15:00,58806.0,58806.5,58806.0,58806.5,310047.0
2021-03-31 11:16:00,58806.5,58840.0,58806.5,58840.0,1327981.0
2021-03-31 11:17:00,58840.0,58840.0,58824.0,58824.0,1016940.0
2021-03-31 11:18:00,58824.0,58829.0,58824.0,58828.5,448420.0
2021-03-31 11:19:00,58828.5,58829.5,58828.5,58829.5,550975.0
2021-03-31 11:20:00,58829.5,58829.5,58829.0,58829.5,38799.0
2021-03-31 11:21:00,58829.5,58829.5,58829.0,58829.0,1030128.0
2021-03-31 11:22:00,58829.0,58829.5,58829.0,58829.5,11294.0
2021-03-31 11:23:00,58829.5,58829.5,58829.0,58829.0,80084.0
2021-03-31 11:24:00,58829.0,58943.0,58829.0,58924.5,3853761.0
2021-03-31 11:25:00,58924.5,58924.5,58856.5,58857.0,1943591.0
2021-03-31 11:26:00,58857.0,58857.5,58857.0,58857.0,26467.0
2021-03-31 11:27:00,58857.0,58862.0,58857.0,58862.0,276849.0
2021-03-31 11:28:00,58862.0,58866.5,58861.5,58866.0,96417.0
2021-03-31 11:29:00,58866.0,58867.0,58866.0,58867.0,125557.0
2021-03-31 11:30:00,58867.0,58867.0,58841.0,58841.0,1425263.0
2021-03-31 11:31:00,58841.0,58841.0,58840.5,58840.5,151047.0
2021-03-31 11:32:00,58840.5,58875.5,58841.0,58875.5,2116045.0
2021-03-31 11:33:00,58875.5,58882.0,58875.5,58882.0,668454.0
2021-03-31 11:34:00,58882.0,58886.5,58881.5,58886.0,961192.0
2021-03-31 11:35:00,58886.0,58886.5,58879.5,58886.0,570318.0
2021-03-31 11:36:00,58886.0,58891.0,58886.0,58891.0,714317.0
2021-03-31 11:37:00,58891.0,58891.0,58883.0,58883.0,613706.0
2021-03-31 11:38:00,58883.0,58883.5,58824.5,58841.0,2384480.0
2021-03-31 11:39:00,58841.0,58856.0,58840.5,58856.0,1180361.0
2021-03-31 11:40:00,58856.0,58875.5,58858.5,58875.5,605814.0
2021-03-31 11:41:00,58875.5,58882.0,58875.5,58882.0,730835.0
2021-03-31 11:42:00,58882.0,58887.5,58875.0,58875.0,1307433.0
2021-03-31 11:43:00,58875.0,58875.5,58875.0,58875.5,3904.0
2021-03-31 11:44:00,58875.5,58875.5,58823.0,58823.0,1666681.0
2021-03-31 11:45:00,58823.0,58823.0,58823.0,58823.0,138143.0
2021-03-31 11:46:00,58823.0,58823.5,58823.0,58823.0,55541.0
2021-03-31 11:47:00,58823.0,58823.5,58817.0,58817.0,179406.0
2021-03-31 11:48:00,58817.0,58817.0,58801.0,58801.5,459098.0
2021-03-31 11:49:00,58801.5,58801.5,58801.0,58801.0,101966.0
2021-03-31 11:50:00,58801.0,58801.5,58801.0,58801.5,580930.0
2021-03-31 11:51:00,58801.5,58801.0,58756.0,58760.5,2175123.0
2021-03-31 11:52:00,58760.5,58760.5,58740.0,58740.5,1812602.0
2021-03-31 11:53:00,58740.5,58769.5,58744.5,58769.5,732796.0
2021-03-31 11:54:00,58769.5,58769.5,58751.5,58751.5,499933.0
2021-03-31 11:55:00,58751.5,58751.5,58714.0,58714.0,2220523.0
2021-03-31 11:56:00,58714.0,58714.5,58714.0,58714.0,136045.0
2021-03-31 11:57:00,58714.0,58714.5,58714.0,58714.5,522301.0
2021-03-31 11:58:00,58714.5,58714.5,58714.0,58714.0,750979.0
2021-03-31 11:59:00,58714.0,58714.5,58704.5,58705.0,904970.0
2021-03-31 12:00:00,58705.0,58704.5,58649.0,58649.5,3056133.0
2021-03-31 12:01:00,58649.5,58648.5,58582.0,58585.0,4305276.0
2021-03-31 12:02:00,58585.0,58650.0,58550.0,58648.5,6472485.0
2021-03-31 12:03:00,58648.5,58644.0,58599.0,58599.5,1571944.0
2021-03-31 12:04:00,58599.5,58599.5,58599.0,58599.5,747819.0
2021-03-31 12:05:00,58599.5,58604.0,58599.0,58604.0,1800350.0
2021-03-31 12:06:00,58604.0,58624.5,58603.5,58624.5,893394.0
2021-03-31 12:07:00,58624.5,58641.5,58624.5,58641.0,908986.0
2021-03-31 12:08:00,58641.0,58646.0,58641.0,58645.5,815552.0
2021-03-31 12:09:00,58645.5,58670.0,58645.5,58669.5,916211.0
2021-03-31 12:10:00,58669.5,58670.0,58669.5,58670.0,131851.0
2021-03-31 12:11:00,58670.0,58669.5,58650.0,58668.0,4359522.0
2021-03-31 12:12:00,58668.0,58700.0,58668.0,58699.5,934189.0
2021-03-31 12:13:00,58699.5,58700.0,58669.5,58669.5,865842.0
2021-03-31 12:14:00,58669.5,58670.0,58669.5,58669.5,4400.0
2021-03-31 12:15:00,58669.5,58670.0,58633.5,58634.0,2173045.0
2021-03-31 12:16:00,58634.0,58634.0,58633.5,58634.0,658567.0
2021-03-31 12:17:00,58634.0,58671.5,58633.5,58668.5,1418674.0
2021-03-31 12:18:00,58668.5,58707.5,58668.0,58707.0,1823466.0
2021-03-31 12:19:00,58707.0,58711.0,58702.5,58702.5,948722.0
2021-03-31 12:20:00,58702.5,58703.0,58702.5,58703.0,377819.0
2021-03-31 12:21:00,58703.0,58737.5,58703.0,58717.5,2697954.0
2021-03-31 12:22:00,58717.5,58718.0,58717.5,58718.0,2783.0
2021-03-31 12:23:00,58718.0,58720.0,58717.5,58720.0,620063.0
2021-03-31 12:24:00,58720.0,58720.0,58719.5,58720.0,85199.0
2021-03-31 12:25:00,58720.0,58720.0,58719.5,58719.5,43721.0
2021-03-31 12:26:00,58719.5,58720.0,58692.5,58692.5,5954182.0
2021-03-31 12:27:00,58692.5,58693.0,58692.5,58692.5,314650.0
2021-03-31 12:28:00,58692.5,58693.0,58664.5,58664.5,759209.0
2021-03-31 12:29:00,58664.5,58663.5,58607.5,58624.5,3730238.0
2021-03-31 12:30:00,58624.5,58625.0,58596.5,58601.0,3262289.0
2021-03-31 12:31:00,58601.0,58648.5,58601.0,58648.0,2214439.0
2021-03-31 12:32:00,58648.0,58648.5,58597.5,58597.5,2816845.0
2021-03-31 12:33:00,58597.5,58599.5,58597.5,58599.5,232053.0
2021-03-31 12:34:00,58599.5,58612.0,58599.0,58612.0,1197208.0
2021-03-31 12:35:00,58612.0,58633.5,58599.0,58599.0,744836.0
2021-03-31 12:36:00,58599.0,58599.5,58597.5,58597.5,3521173.0
2021-03-31 12:37:00,58597.5,58597.5,58570.0,58594.5,1068803.0
2021-03-31 12:38:00,58594.5,58595.0,58594.5,58594.5,43174.0
2021-03-31 12:39:00,58594.5,58595.0,58587.5,58588.0,607335.0
2021-03-31 12:40:00,58588.0,58580.0,58579.5,58579.5,323434.0
2021-03-31 12:41:00,58579.5,58593.5,58565.0,58593.5,2289055.0
2021-03-31 12:42:00,58593.5,58593.5,58527.0,58530.5,3041180.0
2021-03-31 12:43:00,58530.5,58530.5,58477.5,58496.5,3317167.0
2021-03-31 12:44:00,58496.5,58497.0,58483.0,58487.5,1541068.0
2021-03-31 12:45:00,58487.5,58606.0,58417.0,58526.0,17722224.0
2021-03-31 12:46:00,58526.0,58565.5,58525.5,58565.0,2193626.0
2021-03-31 12:47:00,58565.0,58565.5,58530.5,58530.5,1439313.0
2021-03-31 12:48:00,58530.5,58565.5,58530.5,58565.5,1958930.0
2021-03-31 12:49:00,58565.5,58717.0,58446.0,58599.0,22431354.0
2021-03-31 12:50:00,58599.0,58604.0,58599.5,58604.0,556435.0
2021-03-31 12:51:00,58604.0,58608.5,58604.0,58608.0,259706.0
2021-03-31 12:52:00,58608.0,58608.0,58579.0,58579.5,1094094.0
2021-03-31 12:53:00,58579.5,58579.5,58565.5,58566.0,526701.0
2021-03-31 12:54:00,58566.0,58565.5,58565.0,58565.0,382154.0
2021-03-31 12:55:00,58565.0,58565.5,58542.0,58563.5,419912.0
2021-03-31 12:56:00,58563.5,58564.0,58530.5,58531.0,942611.0
2021-03-31 12:57:00,58531.0,58531.0,58530.5,58531.0,597203.0
2021-03-31 12:58:00,58531.0,58572.0,58531.0,58571.5,2942603.0
2021-03-31 12:59:00,58571.5,58616.0,58571.5,58616.0,1525927.0
2021-03-31 13:00:00,58616.0,58616.0,58589.5,58589.5,4862381.0
2021-03-31 13:01:00,58589.5,58590.0,58589.5,58589.5,100918.0
2021-03-31 13:02:00,58589.5,58590.0,58589.5,58589.5,244253.0
2021-03-31 13:03:00,58589.5,58589.5,58572.0,58572.5,3362113.0
2021-03-31 13:04:00,58572.5,58572.5,58572.0,58572.5,199966.0
2021-03-31 13:05:00,58572.5,58572.5,58572.0,58572.5,46308.0
2021-03-31 13:06:00,58572.5,58572.5,58572.0,58572.5,1546227.0
2021-03-31 13:07:00,58572.5,58640.5,58572.0,58640.5,3735178.0
2021-03-31 13:08:00,58640.5,58716.5,58640.0,58716.0,2601601.0
2021-03-31 13:09:00,58716.0,58717.0,58716.0,58716.5,551150.0
2021-03-31 13:10:00,58716.5,58737.5,58717.0,58737.0,1389767.0
2021-03-31 13:11:00,58737.0,58737.5,58737.0,58737.5,498183.0
2021-03-31 13:12:00,58737.5,58737.5,58737.0,58737.0,699530.0
2021-03-31 13:13:00,58737.0,58737.5,58737.0,58737.5,146612.0
2021-03-31 13:14:00,58737.5,58750.0,58737.0,58749.5,943784.0
2021-03-31 13:15:00,58749.5,58767.0,58749.5,58749.5,3114534.0
2021-03-31 13:16:00,58749.5,58749.5,58737.0,58737.5,1839068.0
2021-03-31 13:17:00,58737.5,58738.0,58737.5,58737.5,79731.0
2021-03-31 13:18:00,58737.5,58737.5,58737.0,58737.0,1497668.0
2021-03-31 13:19:00,58737.0,58737.5,58737.0,58737.0,352448.0
2021-03-31 13:20:00,58737.0,58737.5,58737.0,58737.5,216348.0
2021-03-31 13:21:00,58737.5,58737.0,58694.5,58695.0,1218262.0
2021-03-31 13:22:00,58695.0,58695.0,58694.0,58694.0,151520.0
2021-03-31 13:23:00,58694.0,58694.5,58694.0,58694.5,1016488.0
2021-03-31 13:24:00,58694.5,58694.5,58678.0,58678.0,1985946.0
2021-03-31 13:25:00,58678.0,58678.0,58677.5,58677.5,274286.0
2021-03-31 13:26:00,58677.5,58678.0,58677.5,58678.0,131011.0
2021-03-31 13:27:00,58678.0,58678.0,58668.0,58668.5,128414.0
2021-03-31 13:28:00,58668.5,58668.5,58668.0,58668.0,3697.0
2021-03-31 13:29:00,58668.0,58673.0,58668.0,58673.0,3869094.0
2021-03-31 13:30:00,58673.0,58673.0,58645.5,58645.5,2605753.0
2021-03-31 13:31:00,58645.5,58703.0,58640.0,58702.5,4096782.0
2021-03-31 13:32:00,58702.5,58719.0,58702.5,58718.5,172333.0
2021-03-31 13:33:00,58718.5,58719.0,58572.0,58656.5,11599958.0
2021-03-31 13:34:00,58656.5,58657.0,58633.5,58640.0,941457.0
2021-03-31 13:35:00,58640.0,58718.0,58639.5,58717.5,1594059.0
2021-03-31 13:36:00,58717.5,58718.0,58683.5,58683.5,1749853.0
2021-03-31 13:37:00,58683.5,58683.0,58634.0,58634.0,1655923.0
2021-03-31 13:38:00,58634.0,58666.5,58634.0,58666.0,134175.0
2021-03-31 13:39:00,58666.0,58700.0,58666.0,58700.0,1110779.0
2021-03-31 13:40:00,58700.0,58700.0,58649.0,58649.0,1843193.0
2021-03-31 13:41:00,58649.0,58644.5,58644.0,58644.5,140866.0
2021-03-31 13:42:00,58644.5,58644.5,58644.0,58644.5,4711.0
2021-03-31 13:43:00,58644.5,58644.0,58644.0,58644.0,10000.0
2021-03-31 13:44:00,58644.0,58668.5,58644.0,58668.5,1223860.0
2021-03-31 13:45:00,58668.5,58702.5,58668.0,58702.5,761743.0
2021-03-31 13:46:00,58702.5,58770.0,58702.5,58770.0,1470482.0
2021-03-31 13:47:00,58770.0,58825.0,58770.0,58807.5,3119516.0
2021-03-31 13:48:00,58807.5,58807.5,58787.0,58787.5,1086536.0
2021-03-31 13:49:00,58787.5,58792.0,58787.0,58792.0,335623.0
2021-03-31 13:50:00,58792.0,58792.0,58791.5,58792.0,341465.0
2021-03-31 13:51:00,58792.0,58792.0,58792.0,58792.0,15030.0
2021-03-31 13:52:00,58792.0,58796.5,58791.5,58796.5,348548.0
2021-03-31 13:53:00,58796.5,58796.5,58796.5,58796.5,300.0
2021-03-31 13:54:00,58796.5,58829.5,58796.5,58817.0,2759067.0
2021-03-31 13:55:00,58817.0,58817.0,58816.5,58817.0,263253.0
2021-03-31 13:56:00,58817.0,58817.0,58816.5,58816.5,218361.0
2021-03-31 13:57:00,58816.5,58817.0,58806.0,58806.5,604437.0
2021-03-31 13:58:00,58806.5,58806.5,58806.0,58806.0,43467.0
2021-03-31 13:59:00,58806.0,58806.5,58797.0,58797.5,904878.0
2021-03-31 14:00:00,58797.5,58797.5,58738.0,58738.0,1496313.0
2021-03-31 14:01:00,58738.0,58737.5,58737.0,58737.0,394213.0
2021-03-31 14:02:00,58737.0,58737.5,58737.0,58737.0,58755.0
2021-03-31 14:03:00,58737.0,58737.5,58737.0,58737.5,645616.0
2021-03-31 14:04:00,58737.5,58737.5,58737.0,58737.5,104569.0
2021-03-31 14:05:00,58737.5,58737.5,58701.5,58701.5,1828983.0
2021-03-31 14:06:00,58701.5,58702.0,58701.5,58702.0,110978.0
2021-03-31 14:07:00,58702.0,58702.0,58677.5,58677.5,3406125.0
2021-03-31 14:08:00,58677.5,58678.0,58678.0,58678.0,55500.0
2021-03-31 14:09:00,58678.0,58702.0,58677.5,58701.5,942733.0
2021-03-31 14:10:00,58701.5,58702.0,58701.5,58701.5,25090.0
2021-03-31 14:11:00,58701.5,58703.0,58702.0,58703.0,66744.0
2021-03-31 14:12:00,58703.0,58737.5,58702.5,58737.5,1595802.0
2021-03-31 14:13:00,58737.5,58750.0,58737.0,58750.0,280026.0
2021-03-31 14:14:00,58750.0,58750.0,58708.0,58708.0,2578388.0
2021-03-31 14:15:00,58708.0,58707.5,58680.0,58680.5,1074025.0
2021-03-31 14:16:00,58680.5,58680.5,58668.0,58668.5,484391.0
2021-03-31 14:17:00,58668.5,58668.0,58661.0,58661.0,320966.0
2021-03-31 14:18:00,58661.0,58661.0,58640.0,58640.0,945613.0
2021-03-31 14:19:00,58640.0,58640.5,58640.0,58640.5,6858.0
2021-03-31 14:20:00,58640.5,58640.5,58640.0,58640.5,2486.0
2021-03-31 14:21:00,58640.5,58640.5,58640.0,58640.5,88283.0
2021-03-31 14:22:00,58640.5,58668.5,58640.5,58668.0,1622366.0
2021-03-31 14:23:00,58668.0,58668.5,58668.0,58668.0,16239.0
2021-03-31 14:24:00,58668.0,58668.5,58668.0,58668.0,508982.0
2021-03-31 14:25:00,58668.0,58668.0,58668.0,58668.0,789650.0
2021-03-31 14:26:00,58668.0,58703.0,58668.5,58702.5,1558382.0
2021-03-31 14:27:00,58702.5,58703.0,58702.5,58703.0,29238.0
2021-03-31 14:28:00,58703.0,58703.0,58680.0,58680.5,2261226.0
2021-03-31 14:29:00,58680.5,58680.5,58680.5,58680.5,1651.0
2021-03-31 14:30:00,58680.5,58680.5,58650.0,58650.0,848126.0
2021-03-31 14:31:00,58650.0,58648.0,58647.5,58648.0,526433.0
2021-03-31 14:32:00,58648.0,58669.5,58647.5,58669.5,1446370.0
2021-03-31 14:33:00,58669.5,58677.5,58677.0,58677.0,85106.0
2021-03-31 14:34:00,58677.0,58677.5,58677.0,58677.0,68189.0
2021-03-31 14:35:00,58677.0,58677.5,58668.0,58668.5,1938044.0
2021-03-31 14:36:00,58668.5,58668.5,58668.0,58668.5,171775.0
2021-03-31 14:37:00,58668.5,58668.5,58668.0,58668.0,57711.0
2021-03-31 14:38:00,58668.0,58668.5,58668.0,58668.5,304754.0
2021-03-31 14:39:00,58668.5,58668.5,58655.5,58655.5,605184.0
2021-03-31 14:40:00,58655.5,58656.0,58655.5,58655.5,50737.0
2021-03-31 14:41:00,58655.5,58655.5,58633.5,58634.0,1043913.0
2021-03-31 14:42:00,58634.0,58634.0,58633.5,58634.0,223416.0
2021-03-31 14:43:00,58634.0,58634.0,58633.5,58633.5,367463.0
2021-03-31 14:44:00,58633.5,58634.0,58609.0,58609.0,895130.0
2021-03-31 14:45:00,58609.0,58655.5,58609.0,58655.5,2978627.0
2021-03-31 14:46:00,58655.5,58660.0,58655.5,58660.0,463661.0
2021-03-31 14:47:00,58660.0,58660.0,58633.5,58634.0,1604118.0
2021-03-31 14:48:00,58634.0,58634.0,58633.5,58633.5,130548.0
2021-03-31 14:49:00,58633.5,58634.0,58633.5,58634.0,136561.0
2021-03-31 14:50:00,58634.0,58721.0,58634.0,58720.5,1724852.0
2021-03-31 14:51:00,58720.5,58757.5,58720.5,58757.0,806749.0
2021-03-31 14:52:00,58757.0,58757.5,58757.0,58757.0,723045.0
2021-03-31 14:53:00,58757.0,58768.5,58757.5,58768.5,815872.0
2021-03-31 14:54:00,58768.5,58768.5,58768.0,58768.5,1842009.0
2021-03-31 14:55:00,58768.5,58768.5,58750.0,58750.5,463015.0
2021-03-31 14:56:00,58750.5,58750.5,58750.0,58750.5,161031.0
2021-03-31 14:57:00,58750.5,58776.0,58750.0,58776.0,1213220.0
2021-03-31 14:58:00,58776.0,58787.0,58776.0,58786.5,381719.0
2021-03-31 14:59:00,58786.5,58787.0,58786.5,58787.0,244552.0
2021-03-31 15:00:00,58787.0,58787.0,58771.5,58772.0,2263265.0
2021-03-31 15:01:00,58772.0,58772.0,58771.5,58772.0,273462.0
2021-03-31 15:02:00,58772.0,58800.0,58771.5,58800.0,933568.0
2021-03-31 15:03:00,58800.0,58806.5,58800.0,58806.5,866215.0
2021-03-31 15:04:00,58806.5,58806.5,58806.0,58806.0,56651.0
2021-03-31 15:05:00,58806.0,58806.5,58806.0,58806.0,622492.0
2021-03-31 15:06:00,58806.0,58806.5,58806.0,58806.5,232082.0
2021-03-31 15:07:00,58806.5,58840.0,58806.5,58821.0,1033576.0
2021-03-31 15:08:00,58821.0,58821.0,58806.0,58806.5,824655.0
2021-03-31 15:09:00,58806.5,58806.5,58806.0,58806.5,6532.0
2021-03-31 15:10:00,58806.5,58806.5,58806.0,58806.5,210095.0
2021-03-31 15:11:00,58806.5,58806.5,58794.0,58794.5,274295.0
2021-03-31 15:12:00,58794.5,58795.0,58771.5,58771.5,616458.0
2021-03-31 15:13:00,58771.5,58780.5,58772.0,58780.5,1719738.0
2021-03-31 15:14:00,58780.5,58780.5,58780.0,58780.5,50399.0
2021-03-31 15:15:00,58780.5,58780.5,58770.0,58770.5,689716.0
2021-03-31 15:16:00,58770.5,58770.5,58756.5,58757.0,185988.0
2021-03-31 15:17:00,58757.0,58761.5,58756.5,58761.5,1745013.0
2021-03-31 15:18:00,58761.5,58761.5,58761.0,58761.5,726909.0
2021-03-31 15:19:00,58761.5,58787.5,58761.0,58787.5,1249168.0
2021-03-31 15:20:00,58787.5,58910.5,58787.5,58907.0,4440242.0
2021-03-31 15:21:00,58907.0,58958.0,58906.5,58958.0,1449848.0
2021-03-31 15:22:00,58958.0,58958.5,58951.0,58951.5,958092.0
2021-03-31 15:23:00,58951.5,58960.0,58951.0,58951.5,1299855.0
2021-03-31 15:24:00,58951.5,59051.0,58951.5,59051.0,3492947.0
2021-03-31 15:25:00,59051.0,59206.5,59050.5,59192.5,7975132.0
2021-03-31 15:26:00,59192.5,59278.5,59189.0,59208.0,8534597.0
2021-03-31 15:27:00,59208.0,59294.5,59208.0,59259.5,4031484.0
2021-03-31 15:28:00,59259.5,59420.0,59259.5,59420.0,12161813.0
2021-03-31 15:29:00,59420.0,59500.0,59420.0,59475.5,9001728.0
2021-03-31 15:30:00,59475.5,59745.5,59475.5,59648.5,21640087.0
2021-03-31 15:31:00,59648.5,59736.5,59629.0,59714.0,11328044.0
2021-03-31 15:32:00,59714.0,59800.0,59713.5,59724.0,10672700.0
2021-03-31 15:33:00,59724.0,59752.0,59650.0,59752.0,9388624.0
2021-03-31 15:34:00,59752.0,59848.5,59751.5,59791.0,8849603.0
